"Nom complet de l’utilisateur",Groupes,"Adresse de courriel",Date,"Quel est votre parcours ?","Calcul / Simulation Numerique (Thermique et meca. structure et fluides)","Essais / Caracterisation (thermique, electronique, meca, materiaux)","Fabrication - Prototypage","Conception mécanique","Automatique & automatisme","Electronique et programmation embarquee","Robot / Cobot",Vision,IA,"IHM - Appli WEB & mobile","Ethique & Ergonomie","Calcul / Simulation Numerique (Thermique et meca. structure et fluides)","Essais / Caracterisation (thermique, electronique, meca, materiaux)","Fabrication - Prototypage","Conception mécanique","Automatique & automatisme","Electronique et programmation embarquee","Robot / Cobot",Vision,IA,"IHM - Appli WEB & mobile","Ethique & Ergonomie","1er Choix","2nd Choix","3eme Choix","4eme Choix","5eme Choix","6eme Choix","7eme Choix","8eme Choix","9eme Choix","10eme Choix"
"Louna ABDOUL",,louna.abdoul@2027.icam.fr,"lundi 7 septembre 2026, 11:51",Apprenti,5,6,6,4,5,7,6,5,4,5,7,4,7,5,5,4,4,7,5,7,5,8,"Interactions humain-machine et humain-robot  Innovation technologique et sociale - Interdisciplinarite  -  MSR  [S. D&#039;ATTANASIO]","Matériaux / Essais / Caractérisation  -  MSI/MSR  [O. QUENARD]","Systemes embarques et objets connectes  -  MSI  [D. DEROLAND]","Data Science / Vision / IA / Applis Web &amp; Mobile  -  MSI  [T. GUETTARI]","Conception / Fabrication / Machines Spéciales  -  MSI  [E. LOUPIAC]","Traitement d&#039;images et informatique industrielle  -  MSI  [S. LOUIS]","Calculs et dimensionnement de structures / Essais  -  MSI  [S. CORVELEYN]","Conception / Organisation industrielle / ERP  -  MSI  [M. BONNAL]","Smart Grid  -  MSR  [A. Bouzid]","Energie / Thermique / Electronique de puissance  -  MSR  [J.P. FRADIN]"
"Quentin ACQUIE",,quentin.acquie@2027.icam.fr,"lundi 7 septembre 2026, 11:31",Intégré,9,6,10,8,5,3,2,4,1,1,3,10,4,10,10,2,2,1,2,1,1,1,"Conception / Fabrication / Machines Spéciales  -  MSI  [E. LOUPIAC]","Conception / Organisation industrielle / ERP  -  MSI  [M. BONNAL]","Calculs et dimensionnement de structures / Essais  -  MSI  [S. CORVELEYN]","Matériaux / Essais / Caractérisation  -  MSI/MSR  [O. QUENARD]","Systemes embarques et objets connectes  -  MSI  [D. DEROLAND]","Interactions humain-machine et humain-robot  Innovation technologique et sociale - Interdisciplinarite  -  MSR  [S. D&#039;ATTANASIO]","Traitement d&#039;images et informatique industrielle  -  MSI  [S. LOUIS]","Energie / Thermique / Electronique de puissance  -  MSR  [J.P. FRADIN]","Data Science / Vision / IA / Applis Web &amp; Mobile  -  MSI  [T. GUETTARI]","Smart Grid  -  MSR  [A. Bouzid]"
"Marine ALDAY",,marine.alday@2027.icam.fr,"lundi 7 septembre 2026, 11:38",Intégré,7,9,4,5,4,3,4,4,3,3,8,9,10,5,6,3,3,3,3,3,3,6,"Matériaux / Essais / Caractérisation  -  MSI/MSR  [O. QUENARD]","Calculs et dimensionnement de structures / Essais  -  MSI  [S. CORVELEYN]","Conception / Organisation industrielle / ERP  -  MSI  [M. BONNAL]","Conception / Fabrication / Machines Spéciales  -  MSI  [E. LOUPIAC]","Systemes embarques et objets connectes  -  MSI  [D. DEROLAND]","Traitement d&#039;images et informatique industrielle  -  MSI  [S. LOUIS]","Interactions humain-machine et humain-robot  Innovation technologique et sociale - Interdisciplinarite  -  MSR  [S. D&#039;ATTANASIO]","Data Science / Vision / IA / Applis Web &amp; Mobile  -  MSI  [T. GUETTARI]","Smart Grid  -  MSR  [A. Bouzid]","Energie / Thermique / Electronique de puissance  -  MSR  [J.P. FRADIN]"
"Victoire ALLAHTAN",,victoire.allahtan@2027.icam.fr,"lundi 7 septembre 2026, 12:13",Intégré,8,8,8,8,5,5,5,5,5,5,5,10,10,10,10,7,7,7,5,5,5,5,"Calculs et dimensionnement de structures / Essais  -  MSI  [S. CORVELEYN]","Matériaux / Essais / Caractérisation  -  MSI/MSR  [O. QUENARD]","Conception / Fabrication / Machines Spéciales  -  MSI  [E. LOUPIAC]","Conception / Organisation industrielle / ERP  -  MSI  [M. BONNAL]","Systemes embarques et objets connectes  -  MSI  [D. DEROLAND]","Energie / Thermique / Electronique de puissance  -  MSR  [J.P. FRADIN]","Traitement d&#039;images et informatique industrielle  -  MSI  [S. LOUIS]","Data Science / Vision / IA / Applis Web &amp; Mobile  -  MSI  [T. GUETTARI]","Smart Grid  -  MSR  [A. Bouzid]","Interactions humain-machine et humain-robot  Innovation technologique et sociale - Interdisciplinarite  -  MSR  [S. D&#039;ATTANASIO]"
"Gabin ANTICHAN",,gabin.antichan@2027.icam.fr,"lundi 7 septembre 2026, 11:27",Intégré,6,4,7,7,4,3,6,5,2,3,7,6,4,9,9,7,4,9,7,2,3,7,"Conception / Organisation industrielle / ERP  -  MSI  [M. BONNAL]","Conception / Fabrication / Machines Spéciales  -  MSI  [E. LOUPIAC]","Systemes embarques et objets connectes  -  MSI  [D. DEROLAND]","Energie / Thermique / Electronique de puissance  -  MSR  [J.P. FRADIN]","Calculs et dimensionnement de structures / Essais  -  MSI  [S. CORVELEYN]","Traitement d&#039;images et informatique industrielle  -  MSI  [S. LOUIS]","Interactions humain-machine et humain-robot  Innovation technologique et sociale - Interdisciplinarite  -  MSR  [S. D&#039;ATTANASIO]","Matériaux / Essais / Caractérisation  -  MSI/MSR  [O. QUENARD]","Smart Grid  -  MSR  [A. Bouzid]","Data Science / Vision / IA / Applis Web &amp; Mobile  -  MSI  [T. GUETTARI]"
"Paul AZIOSMANOFF",,paul.aziosmanoff@2027.icam.fr,"lundi 7 septembre 2026, 11:22",Apprenti,5,5,8,7,6,7,4,4,4,3,5,8,8,8,7,6,7,3,5,2,2,2,"Energie / Thermique / Electronique de puissance  -  MSR  [J.P. FRADIN]","Conception / Fabrication / Machines Spéciales  -  MSI  [E. LOUPIAC]","Matériaux / Essais / Caractérisation  -  MSI/MSR  [O. QUENARD]","Conception / Organisation industrielle / ERP  -  MSI  [M. BONNAL]","Calculs et dimensionnement de structures / Essais  -  MSI  [S. CORVELEYN]","Traitement d&#039;images et informatique industrielle  -  MSI  [S. LOUIS]","Systemes embarques et objets connectes  -  MSI  [D. DEROLAND]","Data Science / Vision / IA / Applis Web &amp; Mobile  -  MSI  [T. GUETTARI]","Interactions humain-machine et humain-robot  Innovation technologique et sociale - Interdisciplinarite  -  MSR  [S. D&#039;ATTANASIO]","Smart Grid  -  MSR  [A. Bouzid]"
"Clement BARIC",,clement.baric@2027.icam.fr,"lundi 7 septembre 2026, 11:36",Intégré,3,5,9,9,4,1,2,3,4,3,6,4,6,10,10,4,3,3,3,2,3,5,"Conception / Fabrication / Machines Spéciales  -  MSI  [E. LOUPIAC]","Conception / Organisation industrielle / ERP  -  MSI  [M. BONNAL]","Matériaux / Essais / Caractérisation  -  MSI/MSR  [O. QUENARD]","Systemes embarques et objets connectes  -  MSI  [D. DEROLAND]","Data Science / Vision / IA / Applis Web &amp; Mobile  -  MSI  [T. GUETTARI]","Calculs et dimensionnement de structures / Essais  -  MSI  [S. CORVELEYN]","Interactions humain-machine et humain-robot  Innovation technologique et sociale - Interdisciplinarite  -  MSR  [S. D&#039;ATTANASIO]","Energie / Thermique / Electronique de puissance  -  MSR  [J.P. FRADIN]","Smart Grid  -  MSR  [A. Bouzid]","Traitement d&#039;images et informatique industrielle  -  MSI  [S. LOUIS]"
"Thieryck BECKER",,thieryck.becker@2027.icam.fr,"lundi 7 septembre 2026, 11:44",Apprenti,9,7,5,2,5,2,5,5,6,6,7,9,7,8,8,4,4,5,5,9,9,8,"Interactions humain-machine et humain-robot  Innovation technologique et sociale - Interdisciplinarite  -  MSR  [S. D&#039;ATTANASIO]","Conception / Fabrication / Machines Spéciales  -  MSI  [E. LOUPIAC]","Conception / Organisation industrielle / ERP  -  MSI  [M. BONNAL]","Traitement d&#039;images et informatique industrielle  -  MSI  [S. LOUIS]","Smart Grid  -  MSR  [A. Bouzid]","Matériaux / Essais / Caractérisation  -  MSI/MSR  [O. QUENARD]","Calculs et dimensionnement de structures / Essais  -  MSI  [S. CORVELEYN]","Data Science / Vision / IA / Applis Web &amp; Mobile  -  MSI  [T. GUETTARI]","Systemes embarques et objets connectes  -  MSI  [D. DEROLAND]","Energie / Thermique / Electronique de puissance  -  MSR  [J.P. FRADIN]"
"Daniel BERRE",,daniel.berre@2027.icam.fr,"lundi 7 septembre 2026, 11:57",Apprenti,3,3,5,4,6,6,6,6,7,6,2,3,3,5,3,6,6,6,8,9,9,2,"Data Science / Vision / IA / Applis Web &amp; Mobile  -  MSI  [T. GUETTARI]","Traitement d&#039;images et informatique industrielle  -  MSI  [S. LOUIS]","Systemes embarques et objets connectes  -  MSI  [D. DEROLAND]","Conception / Fabrication / Machines Spéciales  -  MSI  [E. LOUPIAC]","Conception / Organisation industrielle / ERP  -  MSI  [M. BONNAL]","Smart Grid  -  MSR  [A. Bouzid]","Calculs et dimensionnement de structures / Essais  -  MSI  [S. CORVELEYN]","Energie / Thermique / Electronique de puissance  -  MSR  [J.P. FRADIN]","Matériaux / Essais / Caractérisation  -  MSI/MSR  [O. QUENARD]","Interactions humain-machine et humain-robot  Innovation technologique et sociale - Interdisciplinarite  -  MSR  [S. D&#039;ATTANASIO]"
"Maxime BOUSQUET",,maxime.bousquet@2027.icam.fr,"lundi 7 septembre 2026, 12:01",Apprenti,6,7,9,9,5,5,7,6,4,4,4,7,8,10,10,5,5,7,6,3,3,3,"Conception / Fabrication / Machines Spéciales  -  MSI  [E. LOUPIAC]","Conception / Organisation industrielle / ERP  -  MSI  [M. BONNAL]","Matériaux / Essais / Caractérisation  -  MSI/MSR  [O. QUENARD]","Systemes embarques et objets connectes  -  MSI  [D. DEROLAND]","Traitement d&#039;images et informatique industrielle  -  MSI  [S. LOUIS]","Calculs et dimensionnement de structures / Essais  -  MSI  [S. CORVELEYN]","Energie / Thermique / Electronique de puissance  -  MSR  [J.P. FRADIN]","Smart Grid  -  MSR  [A. Bouzid]","Data Science / Vision / IA / Applis Web &amp; Mobile  -  MSI  [T. GUETTARI]","Interactions humain-machine et humain-robot  Innovation technologique et sociale - Interdisciplinarite  -  MSR  [S. D&#039;ATTANASIO]"
"Hugo BOYER",,hugo.boyer@2027.icam.fr,"lundi 7 septembre 2026, 12:06",Apprenti,5,6,8,7,4,4,4,4,3,3,4,5,6,10,10,5,5,5,3,2,2,3,"Conception / Fabrication / Machines Spéciales  -  MSI  [E. LOUPIAC]","Conception / Organisation industrielle / ERP  -  MSI  [M. BONNAL]","Calculs et dimensionnement de structures / Essais  -  MSI  [S. CORVELEYN]","Matériaux / Essais / Caractérisation  -  MSI/MSR  [O. QUENARD]","Systemes embarques et objets connectes  -  MSI  [D. DEROLAND]","Traitement d&#039;images et informatique industrielle  -  MSI  [S. LOUIS]","Energie / Thermique / Electronique de puissance  -  MSR  [J.P. FRADIN]","Data Science / Vision / IA / Applis Web &amp; Mobile  -  MSI  [T. GUETTARI]","Smart Grid  -  MSR  [A. Bouzid]","Interactions humain-machine et humain-robot  Innovation technologique et sociale - Interdisciplinarite  -  MSR  [S. D&#039;ATTANASIO]"
"Adrien BROUSSE",,adrien.brousse@2027.icam.fr,"lundi 7 septembre 2026, 11:54",Intégré,3,4,7,10,6,7,7,6,5,5,3,4,3,10,9,8,7,9,7,7,8,1,"Conception / Fabrication / Machines Spéciales  -  MSI  [E. LOUPIAC]","Conception / Organisation industrielle / ERP  -  MSI  [M. BONNAL]","Data Science / Vision / IA / Applis Web &amp; Mobile  -  MSI  [T. GUETTARI]","Traitement d&#039;images et informatique industrielle  -  MSI  [S. LOUIS]","Systemes embarques et objets connectes  -  MSI  [D. DEROLAND]","Energie / Thermique / Electronique de puissance  -  MSR  [J.P. FRADIN]","Calculs et dimensionnement de structures / Essais  -  MSI  [S. CORVELEYN]","Matériaux / Essais / Caractérisation  -  MSI/MSR  [O. QUENARD]","Smart Grid  -  MSR  [A. Bouzid]","Interactions humain-machine et humain-robot  Innovation technologique et sociale - Interdisciplinarite  -  MSR  [S. D&#039;ATTANASIO]"
"Mael CAILLAUD",,mael.caillaud@2027.icam.fr,"lundi 7 septembre 2026, 11:58",Apprenti,4,3,8,8,5,4,4,2,1,1,3,6,5,10,10,8,7,6,5,1,1,5,"Conception / Organisation industrielle / ERP  -  MSI  [M. BONNAL]","Conception / Fabrication / Machines Spéciales  -  MSI  [E. LOUPIAC]","Systemes embarques et objets connectes  -  MSI  [D. DEROLAND]","Traitement d&#039;images et informatique industrielle  -  MSI  [S. LOUIS]","Energie / Thermique / Electronique de puissance  -  MSR  [J.P. FRADIN]","Matériaux / Essais / Caractérisation  -  MSI/MSR  [O. QUENARD]","Calculs et dimensionnement de structures / Essais  -  MSI  [S. CORVELEYN]","Data Science / Vision / IA / Applis Web &amp; Mobile  -  MSI  [T. GUETTARI]","Interactions humain-machine et humain-robot  Innovation technologique et sociale - Interdisciplinarite  -  MSR  [S. D&#039;ATTANASIO]","Smart Grid  -  MSR  [A. Bouzid]"
"Baptiste CAVELAN",,baptiste.cavelan@2027.icam.fr,"lundi 7 septembre 2026, 11:26",Apprenti,8,7,7,6,5,5,4,6,7,4,8,8,7,4,6,5,7,4,6,8,6,8,"Calculs et dimensionnement de structures / Essais  -  MSI  [S. CORVELEYN]","Data Science / Vision / IA / Applis Web &amp; Mobile  -  MSI  [T. GUETTARI]","Traitement d&#039;images et informatique industrielle  -  MSI  [S. LOUIS]","Systemes embarques et objets connectes  -  MSI  [D. DEROLAND]","Matériaux / Essais / Caractérisation  -  MSI/MSR  [O. QUENARD]","Conception / Fabrication / Machines Spéciales  -  MSI  [E. LOUPIAC]","Conception / Organisation industrielle / ERP  -  MSI  [M. BONNAL]","Energie / Thermique / Electronique de puissance  -  MSR  [J.P. FRADIN]","Smart Grid  -  MSR  [A. Bouzid]","Interactions humain-machine et humain-robot  Innovation technologique et sociale - Interdisciplinarite  -  MSR  [S. D&#039;ATTANASIO]"
"Elise CHAILLOU DE FOUGEROLLE",,elise.chaillou-de-fougerolle@2027.icam.fr,"lundi 7 septembre 2026, 11:48",Intégré,7,4,5,6,5,4,5,6,6,7,8,9,9,6,7,6,5,5,5,6,7,10,"Matériaux / Essais / Caractérisation  -  MSI/MSR  [O. QUENARD]","Calculs et dimensionnement de structures / Essais  -  MSI  [S. CORVELEYN]","Conception / Fabrication / Machines Spéciales  -  MSI  [E. LOUPIAC]","Conception / Organisation industrielle / ERP  -  MSI  [M. BONNAL]","Energie / Thermique / Electronique de puissance  -  MSR  [J.P. FRADIN]","Traitement d&#039;images et informatique industrielle  -  MSI  [S. LOUIS]","Systemes embarques et objets connectes  -  MSI  [D. DEROLAND]","Data Science / Vision / IA / Applis Web &amp; Mobile  -  MSI  [T. GUETTARI]","Interactions humain-machine et humain-robot  Innovation technologique et sociale - Interdisciplinarite  -  MSR  [S. D&#039;ATTANASIO]","Smart Grid  -  MSR  [A. Bouzid]"
"Matthieu CHAPELLE",,matthieu.chapelle@2027.icam.fr,"lundi 7 septembre 2026, 11:10",Intégré,5,3,8,6,7,6,7,8,4,4,7,5,3,9,9,7,4,7,6,3,3,6,"Conception / Fabrication / Machines Spéciales  -  MSI  [E. LOUPIAC]","Conception / Organisation industrielle / ERP  -  MSI  [M. BONNAL]","Traitement d&#039;images et informatique industrielle  -  MSI  [S. LOUIS]","Systemes embarques et objets connectes  -  MSI  [D. DEROLAND]","Data Science / Vision / IA / Applis Web &amp; Mobile  -  MSI  [T. GUETTARI]","Energie / Thermique / Electronique de puissance  -  MSR  [J.P. FRADIN]","Calculs et dimensionnement de structures / Essais  -  MSI  [S. CORVELEYN]","Matériaux / Essais / Caractérisation  -  MSI/MSR  [O. QUENARD]","Interactions humain-machine et humain-robot  Innovation technologique et sociale - Interdisciplinarite  -  MSR  [S. D&#039;ATTANASIO]","Smart Grid  -  MSR  [A. Bouzid]"
"Arnaud CHAUSSAT",,arnaud.chaussat@2027.icam.fr,"lundi 7 septembre 2026, 11:44",Apprenti,7,4,6,5,5,6,4,3,3,3,5,3,5,7,6,4,6,3,7,7,7,5,"Data Science / Vision / IA / Applis Web &amp; Mobile  -  MSI  [T. GUETTARI]","Conception / Organisation industrielle / ERP  -  MSI  [M. BONNAL]","Traitement d&#039;images et informatique industrielle  -  MSI  [S. LOUIS]","Matériaux / Essais / Caractérisation  -  MSI/MSR  [O. QUENARD]","Smart Grid  -  MSR  [A. Bouzid]","Interactions humain-machine et humain-robot  Innovation technologique et sociale - Interdisciplinarite  -  MSR  [S. D&#039;ATTANASIO]","Systemes embarques et objets connectes  -  MSI  [D. DEROLAND]","Conception / Fabrication / Machines Spéciales  -  MSI  [E. LOUPIAC]","Calculs et dimensionnement de structures / Essais  -  MSI  [S. CORVELEYN]","Energie / Thermique / Electronique de puissance  -  MSR  [J.P. FRADIN]"
"LOUIS CHESSE",,louis.chesse@2027.icam.fr,"lundi 7 septembre 2026, 11:56",Apprenti,8,6,8,4,5,4,3,4,4,4,9,9,9,8,6,4,4,4,4,6,5,7,"Energie / Thermique / Electronique de puissance  -  MSR  [J.P. FRADIN]","Matériaux / Essais / Caractérisation  -  MSI/MSR  [O. QUENARD]","Conception / Organisation industrielle / ERP  -  MSI  [M. BONNAL]","Conception / Fabrication / Machines Spéciales  -  MSI  [E. LOUPIAC]","Calculs et dimensionnement de structures / Essais  -  MSI  [S. CORVELEYN]","Systemes embarques et objets connectes  -  MSI  [D. DEROLAND]","Data Science / Vision / IA / Applis Web &amp; Mobile  -  MSI  [T. GUETTARI]","Traitement d&#039;images et informatique industrielle  -  MSI  [S. LOUIS]","Smart Grid  -  MSR  [A. Bouzid]","Interactions humain-machine et humain-robot  Innovation technologique et sociale - Interdisciplinarite  -  MSR  [S. D&#039;ATTANASIO]"
"Thibaut CHOVE",,thibaut.chove@2027.icam.fr,"lundi 7 septembre 2026, 11:22",Intégré,5,3,9,9,5,6,3,3,4,4,2,4,3,7,7,8,8,5,3,5,8,3,"Conception / Fabrication / Machines Spéciales  -  MSI  [E. LOUPIAC]","Conception / Organisation industrielle / ERP  -  MSI  [M. BONNAL]","Systemes embarques et objets connectes  -  MSI  [D. DEROLAND]","Data Science / Vision / IA / Applis Web &amp; Mobile  -  MSI  [T. GUETTARI]","Calculs et dimensionnement de structures / Essais  -  MSI  [S. CORVELEYN]","Traitement d&#039;images et informatique industrielle  -  MSI  [S. LOUIS]","Energie / Thermique / Electronique de puissance  -  MSR  [J.P. FRADIN]","Matériaux / Essais / Caractérisation  -  MSI/MSR  [O. QUENARD]","Smart Grid  -  MSR  [A. Bouzid]","Interactions humain-machine et humain-robot  Innovation technologique et sociale - Interdisciplinarite  -  MSR  [S. D&#039;ATTANASIO]"
"Ilona CROZES",,ilona.crozes@2027.icam.fr,"lundi 7 septembre 2026, 11:59",Intégré,7,7,6,5,4,4,4,3,2,2,8,9,10,8,8,5,6,5,4,2,3,9,"Conception / Organisation industrielle / ERP  -  MSI  [M. BONNAL]","Calculs et dimensionnement de structures / Essais  -  MSI  [S. CORVELEYN]","Matériaux / Essais / Caractérisation  -  MSI/MSR  [O. QUENARD]","Energie / Thermique / Electronique de puissance  -  MSR  [J.P. FRADIN]","Conception / Fabrication / Machines Spéciales  -  MSI  [E. LOUPIAC]","Systemes embarques et objets connectes  -  MSI  [D. DEROLAND]","Traitement d&#039;images et informatique industrielle  -  MSI  [S. LOUIS]","Data Science / Vision / IA / Applis Web &amp; Mobile  -  MSI  [T. GUETTARI]","Interactions humain-machine et humain-robot  Innovation technologique et sociale - Interdisciplinarite  -  MSR  [S. D&#039;ATTANASIO]","Smart Grid  -  MSR  [A. Bouzid]"
"Mateo DAL-CASTELLO",,mateo.dal-castello@2027.icam.fr,"lundi 7 septembre 2026, 11:52",Apprenti,7,8,8,6,7,5,4,1,1,1,8,9,10,10,7,7,6,1,1,1,1,8,"Matériaux / Essais / Caractérisation  -  MSI/MSR  [O. QUENARD]","Conception / Organisation industrielle / ERP  -  MSI  [M. BONNAL]","Calculs et dimensionnement de structures / Essais  -  MSI  [S. CORVELEYN]","Systemes embarques et objets connectes  -  MSI  [D. DEROLAND]","Conception / Fabrication / Machines Spéciales  -  MSI  [E. LOUPIAC]","Energie / Thermique / Electronique de puissance  -  MSR  [J.P. FRADIN]","Traitement d&#039;images et informatique industrielle  -  MSI  [S. LOUIS]","Data Science / Vision / IA / Applis Web &amp; Mobile  -  MSI  [T. GUETTARI]","Interactions humain-machine et humain-robot  Innovation technologique et sociale - Interdisciplinarite  -  MSR  [S. D&#039;ATTANASIO]","Smart Grid  -  MSR  [A. Bouzid]"
"Giovanni DAME",,giovanni.dame@2027.icam.fr,"lundi 7 septembre 2026, 11:44",Intégré,3,3,8,8,5,6,7,7,8,7,4,1,2,8,8,7,7,7,7,5,2,2,"Systemes embarques et objets connectes  -  MSI  [D. DEROLAND]","Conception / Fabrication / Machines Spéciales  -  MSI  [E. LOUPIAC]","Conception / Organisation industrielle / ERP  -  MSI  [M. BONNAL]","Traitement d&#039;images et informatique industrielle  -  MSI  [S. LOUIS]","Data Science / Vision / IA / Applis Web &amp; Mobile  -  MSI  [T. GUETTARI]","Matériaux / Essais / Caractérisation  -  MSI/MSR  [O. QUENARD]","Energie / Thermique / Electronique de puissance  -  MSR  [J.P. FRADIN]","Calculs et dimensionnement de structures / Essais  -  MSI  [S. CORVELEYN]","Smart Grid  -  MSR  [A. Bouzid]","Interactions humain-machine et humain-robot  Innovation technologique et sociale - Interdisciplinarite  -  MSR  [S. D&#039;ATTANASIO]"
"Francesco DAVID",,francesco.david@2027.icam.fr,"lundi 7 septembre 2026, 11:06",Apprenti,9,8,3,7,7,5,4,8,8,4,1,9,9,3,5,5,1,1,9,9,2,1,"Traitement d&#039;images et informatique industrielle  -  MSI  [S. LOUIS]","Data Science / Vision / IA / Applis Web &amp; Mobile  -  MSI  [T. GUETTARI]","Calculs et dimensionnement de structures / Essais  -  MSI  [S. CORVELEYN]","Matériaux / Essais / Caractérisation  -  MSI/MSR  [O. QUENARD]","Systemes embarques et objets connectes  -  MSI  [D. DEROLAND]","Conception / Fabrication / Machines Spéciales  -  MSI  [E. LOUPIAC]","Conception / Organisation industrielle / ERP  -  MSI  [M. BONNAL]","Smart Grid  -  MSR  [A. Bouzid]","Energie / Thermique / Electronique de puissance  -  MSR  [J.P. FRADIN]","Interactions humain-machine et humain-robot  Innovation technologique et sociale - Interdisciplinarite  -  MSR  [S. D&#039;ATTANASIO]"
"Timothee DECAUDIN",,timothee.decaudin@2027.icam.fr,"lundi 7 septembre 2026, 11:43",Intégré,6,7,8,8,4,4,5,3,4,2,6,8,9,9,9,4,5,4,3,1,1,5,"Matériaux / Essais / Caractérisation  -  MSI/MSR  [O. QUENARD]","Conception / Organisation industrielle / ERP  -  MSI  [M. BONNAL]","Calculs et dimensionnement de structures / Essais  -  MSI  [S. CORVELEYN]","Conception / Fabrication / Machines Spéciales  -  MSI  [E. LOUPIAC]","Energie / Thermique / Electronique de puissance  -  MSR  [J.P. FRADIN]","Systemes embarques et objets connectes  -  MSI  [D. DEROLAND]","Traitement d&#039;images et informatique industrielle  -  MSI  [S. LOUIS]","Data Science / Vision / IA / Applis Web &amp; Mobile  -  MSI  [T. GUETTARI]","Interactions humain-machine et humain-robot  Innovation technologique et sociale - Interdisciplinarite  -  MSR  [S. D&#039;ATTANASIO]","Smart Grid  -  MSR  [A. Bouzid]"
"Alban DE-DROUAS",,alban.de-drouas@2027.icam.fr,"lundi 7 septembre 2026, 12:02",Intégré,8,7,6,9,4,2,6,7,2,4,8,6,7,8,9,6,3,6,9,3,5,9,"Energie / Thermique / Electronique de puissance  -  MSR  [J.P. FRADIN]","Conception / Fabrication / Machines Spéciales  -  MSI  [E. LOUPIAC]","Matériaux / Essais / Caractérisation  -  MSI/MSR  [O. QUENARD]","Traitement d&#039;images et informatique industrielle  -  MSI  [S. LOUIS]","Conception / Organisation industrielle / ERP  -  MSI  [M. BONNAL]","Systemes embarques et objets connectes  -  MSI  [D. DEROLAND]","Calculs et dimensionnement de structures / Essais  -  MSI  [S. CORVELEYN]","Data Science / Vision / IA / Applis Web &amp; Mobile  -  MSI  [T. GUETTARI]","Smart Grid  -  MSR  [A. Bouzid]","Interactions humain-machine et humain-robot  Innovation technologique et sociale - Interdisciplinarite  -  MSR  [S. D&#039;ATTANASIO]"
"Estelle DEKONINCK",,estelle.dekoninck@2027.icam.fr,"lundi 7 septembre 2026, 11:11",Apprenti,6,5,7,8,6,4,6,4,4,2,4,6,7,10,9,8,7,7,7,5,6,4,"Conception / Organisation industrielle / ERP  -  MSI  [M. BONNAL]","Matériaux / Essais / Caractérisation  -  MSI/MSR  [O. QUENARD]","Systemes embarques et objets connectes  -  MSI  [D. DEROLAND]","Traitement d&#039;images et informatique industrielle  -  MSI  [S. LOUIS]","Conception / Fabrication / Machines Spéciales  -  MSI  [E. LOUPIAC]","Data Science / Vision / IA / Applis Web &amp; Mobile  -  MSI  [T. GUETTARI]","Calculs et dimensionnement de structures / Essais  -  MSI  [S. CORVELEYN]","Smart Grid  -  MSR  [A. Bouzid]","Energie / Thermique / Electronique de puissance  -  MSR  [J.P. FRADIN]","Interactions humain-machine et humain-robot  Innovation technologique et sociale - Interdisciplinarite  -  MSR  [S. D&#039;ATTANASIO]"
"Thomas DEL-GATTO",,thomas.del-gatto@2027.icam.fr,"lundi 7 septembre 2026, 12:12",Apprenti,6,8,9,9,6,6,6,4,5,5,7,2,2,4,2,8,5,5,10,10,10,9,"Traitement d&#039;images et informatique industrielle  -  MSI  [S. LOUIS]","Data Science / Vision / IA / Applis Web &amp; Mobile  -  MSI  [T. GUETTARI]","Conception / Organisation industrielle / ERP  -  MSI  [M. BONNAL]","Matériaux / Essais / Caractérisation  -  MSI/MSR  [O. QUENARD]","Interactions humain-machine et humain-robot  Innovation technologique et sociale - Interdisciplinarite  -  MSR  [S. D&#039;ATTANASIO]","Systemes embarques et objets connectes  -  MSI  [D. DEROLAND]","Calculs et dimensionnement de structures / Essais  -  MSI  [S. CORVELEYN]","Energie / Thermique / Electronique de puissance  -  MSR  [J.P. FRADIN]","Smart Grid  -  MSR  [A. Bouzid]","Conception / Fabrication / Machines Spéciales  -  MSI  [E. LOUPIAC]"
"Hugo DESQUINES",,hugo.desquines@2027.icam.fr,"lundi 7 septembre 2026, 11:37",Apprenti,2,4,7,6,3,2,5,3,3,3,7,2,6,7,7,1,1,7,1,3,3,7,"Conception / Fabrication / Machines Spéciales  -  MSI  [E. LOUPIAC]","Matériaux / Essais / Caractérisation  -  MSI/MSR  [O. QUENARD]","Conception / Organisation industrielle / ERP  -  MSI  [M. BONNAL]","Systemes embarques et objets connectes  -  MSI  [D. DEROLAND]","Traitement d&#039;images et informatique industrielle  -  MSI  [S. LOUIS]","Calculs et dimensionnement de structures / Essais  -  MSI  [S. CORVELEYN]","Smart Grid  -  MSR  [A. Bouzid]","Data Science / Vision / IA / Applis Web &amp; Mobile  -  MSI  [T. GUETTARI]","Energie / Thermique / Electronique de puissance  -  MSR  [J.P. FRADIN]","Energie / Thermique / Electronique de puissance  -  MSR  [J.P. FRADIN]"
"Leopold DE STABENRATH",,leopold.de-stabenrath@2027.icam.fr,"lundi 7 septembre 2026, 12:02",Intégré,5,7,7,4,8,7,7,5,5,7,3,7,8,6,5,6,6,7,4,3,2,1,"Energie / Thermique / Electronique de puissance  -  MSR  [J.P. FRADIN]","Systemes embarques et objets connectes  -  MSI  [D. DEROLAND]","Matériaux / Essais / Caractérisation  -  MSI/MSR  [O. QUENARD]","Traitement d&#039;images et informatique industrielle  -  MSI  [S. LOUIS]","Calculs et dimensionnement de structures / Essais  -  MSI  [S. CORVELEYN]","Conception / Organisation industrielle / ERP  -  MSI  [M. BONNAL]","Data Science / Vision / IA / Applis Web &amp; Mobile  -  MSI  [T. GUETTARI]","Conception / Fabrication / Machines Spéciales  -  MSI  [E. LOUPIAC]","Smart Grid  -  MSR  [A. Bouzid]","Interactions humain-machine et humain-robot  Innovation technologique et sociale - Interdisciplinarite  -  MSR  [S. D&#039;ATTANASIO]"
"Roman DUFFORT",,roman.duffort@2027.icam.fr,"lundi 7 septembre 2026, 11:30",Apprenti,3,4,6,3,3,2,2,2,4,2,4,3,7,7,5,4,3,3,4,5,2,7,"Conception / Organisation industrielle / ERP  -  MSI  [M. BONNAL]","Conception / Fabrication / Machines Spéciales  -  MSI  [E. LOUPIAC]","Matériaux / Essais / Caractérisation  -  MSI/MSR  [O. QUENARD]","Data Science / Vision / IA / Applis Web &amp; Mobile  -  MSI  [T. GUETTARI]","Traitement d&#039;images et informatique industrielle  -  MSI  [S. LOUIS]","Systemes embarques et objets connectes  -  MSI  [D. DEROLAND]","Calculs et dimensionnement de structures / Essais  -  MSI  [S. CORVELEYN]","Energie / Thermique / Electronique de puissance  -  MSR  [J.P. FRADIN]","Interactions humain-machine et humain-robot  Innovation technologique et sociale - Interdisciplinarite  -  MSR  [S. D&#039;ATTANASIO]","Smart Grid  -  MSR  [A. Bouzid]"
"Victoria FIGEA",,victoria.figea@2027.icam.fr,"lundi 7 septembre 2026, 11:39",Intégré,4,5,6,7,3,3,4,5,2,2,6,3,6,8,9,4,4,4,5,2,1,5,"Conception / Organisation industrielle / ERP  -  MSI  [M. BONNAL]","Matériaux / Essais / Caractérisation  -  MSI/MSR  [O. QUENARD]","Systemes embarques et objets connectes  -  MSI  [D. DEROLAND]","Traitement d&#039;images et informatique industrielle  -  MSI  [S. LOUIS]","Calculs et dimensionnement de structures / Essais  -  MSI  [S. CORVELEYN]","Energie / Thermique / Electronique de puissance  -  MSR  [J.P. FRADIN]","Conception / Fabrication / Machines Spéciales  -  MSI  [E. LOUPIAC]","Data Science / Vision / IA / Applis Web &amp; Mobile  -  MSI  [T. GUETTARI]","Interactions humain-machine et humain-robot  Innovation technologique et sociale - Interdisciplinarite  -  MSR  [S. D&#039;ATTANASIO]","Smart Grid  -  MSR  [A. Bouzid]"
"Pierrick FOURCADE",,pierrick.fourcade@2027.icam.fr,"lundi 7 septembre 2026, 12:00",Apprenti,7,5,7,4,6,5,3,4,3,2,9,9,8,8,5,6,4,4,4,3,3,9,"Matériaux / Essais / Caractérisation  -  MSI/MSR  [O. QUENARD]","Calculs et dimensionnement de structures / Essais  -  MSI  [S. CORVELEYN]","Conception / Fabrication / Machines Spéciales  -  MSI  [E. LOUPIAC]","Conception / Organisation industrielle / ERP  -  MSI  [M. BONNAL]","Energie / Thermique / Electronique de puissance  -  MSR  [J.P. FRADIN]","Systemes embarques et objets connectes  -  MSI  [D. DEROLAND]","Data Science / Vision / IA / Applis Web &amp; Mobile  -  MSI  [T. GUETTARI]","Traitement d&#039;images et informatique industrielle  -  MSI  [S. LOUIS]","Smart Grid  -  MSR  [A. Bouzid]","Interactions humain-machine et humain-robot  Innovation technologique et sociale - Interdisciplinarite  -  MSR  [S. D&#039;ATTANASIO]"
"Nicolas FOURNIER",,nicolas.fournier@2027.icam.fr,"lundi 7 septembre 2026, 11:54",Intégré,8,8,8,9,9,6,8,7,7,7,4,3,3,5,7,10,10,10,9,9,8,3,"Traitement d&#039;images et informatique industrielle  -  MSI  [S. LOUIS]","Systemes embarques et objets connectes  -  MSI  [D. DEROLAND]","Data Science / Vision / IA / Applis Web &amp; Mobile  -  MSI  [T. GUETTARI]","Conception / Organisation industrielle / ERP  -  MSI  [M. BONNAL]","Calculs et dimensionnement de structures / Essais  -  MSI  [S. CORVELEYN]","Matériaux / Essais / Caractérisation  -  MSI/MSR  [O. QUENARD]","Energie / Thermique / Electronique de puissance  -  MSR  [J.P. FRADIN]","Conception / Fabrication / Machines Spéciales  -  MSI  [E. LOUPIAC]","Interactions humain-machine et humain-robot  Innovation technologique et sociale - Interdisciplinarite  -  MSR  [S. D&#039;ATTANASIO]","Smart Grid  -  MSR  [A. Bouzid]"
"Luca FRAISSINE",,luca.fraissine@2027.icam.fr,"lundi 7 septembre 2026, 11:54",Apprenti,4,5,8,7,8,6,7,6,3,7,5,8,9,7,7,8,8,6,7,4,8,5,"Energie / Thermique / Electronique de puissance  -  MSR  [J.P. FRADIN]","Conception / Fabrication / Machines Spéciales  -  MSI  [E. LOUPIAC]","Matériaux / Essais / Caractérisation  -  MSI/MSR  [O. QUENARD]","Conception / Organisation industrielle / ERP  -  MSI  [M. BONNAL]","Traitement d&#039;images et informatique industrielle  -  MSI  [S. LOUIS]","Calculs et dimensionnement de structures / Essais  -  MSI  [S. CORVELEYN]","Systemes embarques et objets connectes  -  MSI  [D. DEROLAND]","Data Science / Vision / IA / Applis Web &amp; Mobile  -  MSI  [T. GUETTARI]","Interactions humain-machine et humain-robot  Innovation technologique et sociale - Interdisciplinarite  -  MSR  [S. D&#039;ATTANASIO]","Smart Grid  -  MSR  [A. Bouzid]"
"Baptiste FURLAN",,baptiste.furlan@2027.icam.fr,"lundi 7 septembre 2026, 12:12",Intégré,9,7,7,8,6,4,6,2,3,5,5,9,7,8,9,4,2,5,2,3,3,4,"Calculs et dimensionnement de structures / Essais  -  MSI  [S. CORVELEYN]","Conception / Fabrication / Machines Spéciales  -  MSI  [E. LOUPIAC]","Conception / Organisation industrielle / ERP  -  MSI  [M. BONNAL]","Matériaux / Essais / Caractérisation  -  MSI/MSR  [O. QUENARD]","Systemes embarques et objets connectes  -  MSI  [D. DEROLAND]","Traitement d&#039;images et informatique industrielle  -  MSI  [S. LOUIS]","Data Science / Vision / IA / Applis Web &amp; Mobile  -  MSI  [T. GUETTARI]","Energie / Thermique / Electronique de puissance  -  MSR  [J.P. FRADIN]","Smart Grid  -  MSR  [A. Bouzid]","Interactions humain-machine et humain-robot  Innovation technologique et sociale - Interdisciplinarite  -  MSR  [S. D&#039;ATTANASIO]"
"Francois GARCIA",,francois.garcia@2027.icam.fr,"lundi 7 septembre 2026, 11:55",Intégré,7,6,4,4,8,7,6,8,8,7,5,6,2,3,4,10,10,9,9,10,9,3,"Traitement d&#039;images et informatique industrielle  -  MSI  [S. LOUIS]","Systemes embarques et objets connectes  -  MSI  [D. DEROLAND]","Data Science / Vision / IA / Applis Web &amp; Mobile  -  MSI  [T. GUETTARI]","Conception / Organisation industrielle / ERP  -  MSI  [M. BONNAL]","Calculs et dimensionnement de structures / Essais  -  MSI  [S. CORVELEYN]","Matériaux / Essais / Caractérisation  -  MSI/MSR  [O. QUENARD]","Energie / Thermique / Electronique de puissance  -  MSR  [J.P. FRADIN]","Conception / Fabrication / Machines Spéciales  -  MSI  [E. LOUPIAC]","Smart Grid  -  MSR  [A. Bouzid]","Interactions humain-machine et humain-robot  Innovation technologique et sociale - Interdisciplinarite  -  MSR  [S. D&#039;ATTANASIO]"
"Etienne GASTALDI",,etienne.gastaldi@2027.icam.fr,"lundi 7 septembre 2026, 11:27",Intégré,9,9,7,7,4,1,2,7,7,2,6,10,10,7,7,3,2,2,5,6,1,2,"Matériaux / Essais / Caractérisation  -  MSI/MSR  [O. QUENARD]","Conception / Organisation industrielle / ERP  -  MSI  [M. BONNAL]","Calculs et dimensionnement de structures / Essais  -  MSI  [S. CORVELEYN]","Traitement d&#039;images et informatique industrielle  -  MSI  [S. LOUIS]","Conception / Fabrication / Machines Spéciales  -  MSI  [E. LOUPIAC]","Interactions humain-machine et humain-robot  Innovation technologique et sociale - Interdisciplinarite  -  MSR  [S. D&#039;ATTANASIO]","Energie / Thermique / Electronique de puissance  -  MSR  [J.P. FRADIN]","Systemes embarques et objets connectes  -  MSI  [D. DEROLAND]","Data Science / Vision / IA / Applis Web &amp; Mobile  -  MSI  [T. GUETTARI]","Smart Grid  -  MSR  [A. Bouzid]"
"Vincent GAUTHEREAU",,vincent.gauthereau@2027.icam.fr,"lundi 7 septembre 2026, 11:47",Apprenti,6,6,9,9,5,3,5,5,7,7,5,6,5,8,7,3,6,6,6,10,10,1,"Data Science / Vision / IA / Applis Web &amp; Mobile  -  MSI  [T. GUETTARI]","Conception / Fabrication / Machines Spéciales  -  MSI  [E. LOUPIAC]","Conception / Organisation industrielle / ERP  -  MSI  [M. BONNAL]","Traitement d&#039;images et informatique industrielle  -  MSI  [S. LOUIS]","Systemes embarques et objets connectes  -  MSI  [D. DEROLAND]","Calculs et dimensionnement de structures / Essais  -  MSI  [S. CORVELEYN]","Matériaux / Essais / Caractérisation  -  MSI/MSR  [O. QUENARD]","Smart Grid  -  MSR  [A. Bouzid]","Energie / Thermique / Electronique de puissance  -  MSR  [J.P. FRADIN]","Interactions humain-machine et humain-robot  Innovation technologique et sociale - Interdisciplinarite  -  MSR  [S. D&#039;ATTANASIO]"
"Rebecca GIL",,rebecca.gil@2027.icam.fr,"lundi 7 septembre 2026, 11:56",Apprenti,4,9,3,3,3,4,3,6,6,6,9,3,10,3,3,3,4,4,7,7,7,8,"Matériaux / Essais / Caractérisation  -  MSI/MSR  [O. QUENARD]","Traitement d&#039;images et informatique industrielle  -  MSI  [S. LOUIS]","Interactions humain-machine et humain-robot  Innovation technologique et sociale - Interdisciplinarite  -  MSR  [S. D&#039;ATTANASIO]","Data Science / Vision / IA / Applis Web &amp; Mobile  -  MSI  [T. GUETTARI]","Energie / Thermique / Electronique de puissance  -  MSR  [J.P. FRADIN]","Conception / Fabrication / Machines Spéciales  -  MSI  [E. LOUPIAC]","Systemes embarques et objets connectes  -  MSI  [D. DEROLAND]","Calculs et dimensionnement de structures / Essais  -  MSI  [S. CORVELEYN]","Conception / Organisation industrielle / ERP  -  MSI  [M. BONNAL]","Smart Grid  -  MSR  [A. Bouzid]"
"Victor GREBET",,victor.grebet@2027.icam.fr,"lundi 7 septembre 2026, 11:20",Intégré,6,7,8,7,7,9,9,8,8,9,9,7,7,7,8,8,10,7,7,9,9,7,"Systemes embarques et objets connectes  -  MSI  [D. DEROLAND]","Data Science / Vision / IA / Applis Web &amp; Mobile  -  MSI  [T. GUETTARI]","Conception / Fabrication / Machines Spéciales  -  MSI  [E. LOUPIAC]","Conception / Organisation industrielle / ERP  -  MSI  [M. BONNAL]","Traitement d&#039;images et informatique industrielle  -  MSI  [S. LOUIS]","Energie / Thermique / Electronique de puissance  -  MSR  [J.P. FRADIN]","Calculs et dimensionnement de structures / Essais  -  MSI  [S. CORVELEYN]","Matériaux / Essais / Caractérisation  -  MSI/MSR  [O. QUENARD]","Smart Grid  -  MSR  [A. Bouzid]","Interactions humain-machine et humain-robot  Innovation technologique et sociale - Interdisciplinarite  -  MSR  [S. D&#039;ATTANASIO]"
"Charlotte GREDE",,charlotte.grede@2027.icam.fr,"lundi 7 septembre 2026, 12:13",Apprenti,6,8,3,3,4,4,4,5,3,5,9,6,9,2,3,3,5,5,5,4,5,10,"Matériaux / Essais / Caractérisation  -  MSI/MSR  [O. QUENARD]","Traitement d&#039;images et informatique industrielle  -  MSI  [S. LOUIS]","Energie / Thermique / Electronique de puissance  -  MSR  [J.P. FRADIN]","Systemes embarques et objets connectes  -  MSI  [D. DEROLAND]","Conception / Organisation industrielle / ERP  -  MSI  [M. BONNAL]","Calculs et dimensionnement de structures / Essais  -  MSI  [S. CORVELEYN]","Conception / Fabrication / Machines Spéciales  -  MSI  [E. LOUPIAC]","Data Science / Vision / IA / Applis Web &amp; Mobile  -  MSI  [T. GUETTARI]","Interactions humain-machine et humain-robot  Innovation technologique et sociale - Interdisciplinarite  -  MSR  [S. D&#039;ATTANASIO]","Smart Grid  -  MSR  [A. Bouzid]"
"Lisa GRILLOU",,lisa.grillou@2027.icam.fr,"lundi 7 septembre 2026, 11:39",Intégré,4,4,7,8,5,4,3,5,2,2,6,4,7,8,9,7,7,5,5,2,1,5,"Conception / Organisation industrielle / ERP  -  MSI  [M. BONNAL]","Matériaux / Essais / Caractérisation  -  MSI/MSR  [O. QUENARD]","Traitement d&#039;images et informatique industrielle  -  MSI  [S. LOUIS]","Systemes embarques et objets connectes  -  MSI  [D. DEROLAND]","Calculs et dimensionnement de structures / Essais  -  MSI  [S. CORVELEYN]","Energie / Thermique / Electronique de puissance  -  MSR  [J.P. FRADIN]","Conception / Fabrication / Machines Spéciales  -  MSI  [E. LOUPIAC]","Data Science / Vision / IA / Applis Web &amp; Mobile  -  MSI  [T. GUETTARI]","Smart Grid  -  MSR  [A. Bouzid]","Interactions humain-machine et humain-robot  Innovation technologique et sociale - Interdisciplinarite  -  MSR  [S. D&#039;ATTANASIO]"
"Noah GUIRAUD",,noah.guiraud@2027.icam.fr,"lundi 7 septembre 2026, 11:11",Intégré,7,7,5,5,7,7,8,8,7,6,8,5,3,4,10,8,8,10,7,7,8,6,"Traitement d&#039;images et informatique industrielle  -  MSI  [S. LOUIS]","Conception / Organisation industrielle / ERP  -  MSI  [M. BONNAL]","Systemes embarques et objets connectes  -  MSI  [D. DEROLAND]","Data Science / Vision / IA / Applis Web &amp; Mobile  -  MSI  [T. GUETTARI]","Energie / Thermique / Electronique de puissance  -  MSR  [J.P. FRADIN]","Interactions humain-machine et humain-robot  Innovation technologique et sociale - Interdisciplinarite  -  MSR  [S. D&#039;ATTANASIO]","Matériaux / Essais / Caractérisation  -  MSI/MSR  [O. QUENARD]","Conception / Fabrication / Machines Spéciales  -  MSI  [E. LOUPIAC]","Calculs et dimensionnement de structures / Essais  -  MSI  [S. CORVELEYN]","Calculs et dimensionnement de structures / Essais  -  MSI  [S. CORVELEYN]"
"Lea HARDY",,lea.hardy@2027.icam.fr,"lundi 7 septembre 2026, 11:53",Apprenti,8,8,7,8,6,5,5,1,1,1,3,10,10,8,7,7,7,7,4,4,4,5,"Matériaux / Essais / Caractérisation  -  MSI/MSR  [O. QUENARD]","Calculs et dimensionnement de structures / Essais  -  MSI  [S. CORVELEYN]","Energie / Thermique / Electronique de puissance  -  MSR  [J.P. FRADIN]","Conception / Fabrication / Machines Spéciales  -  MSI  [E. LOUPIAC]","Conception / Organisation industrielle / ERP  -  MSI  [M. BONNAL]","Systemes embarques et objets connectes  -  MSI  [D. DEROLAND]","Interactions humain-machine et humain-robot  Innovation technologique et sociale - Interdisciplinarite  -  MSR  [S. D&#039;ATTANASIO]","Traitement d&#039;images et informatique industrielle  -  MSI  [S. LOUIS]","Data Science / Vision / IA / Applis Web &amp; Mobile  -  MSI  [T. GUETTARI]","Smart Grid  -  MSR  [A. Bouzid]"
"Ali KELLEL",,ali.kellel@2027.icam.fr,"lundi 7 septembre 2026, 11:28",Apprenti,4,5,5,5,8,6,5,5,5,7,7,2,2,10,10,6,5,5,5,5,8,10,"Conception / Organisation industrielle / ERP  -  MSI  [M. BONNAL]","Conception / Fabrication / Machines Spéciales  -  MSI  [E. LOUPIAC]","Data Science / Vision / IA / Applis Web &amp; Mobile  -  MSI  [T. GUETTARI]","Traitement d&#039;images et informatique industrielle  -  MSI  [S. LOUIS]","Systemes embarques et objets connectes  -  MSI  [D. DEROLAND]","Calculs et dimensionnement de structures / Essais  -  MSI  [S. CORVELEYN]","Energie / Thermique / Electronique de puissance  -  MSR  [J.P. FRADIN]","Matériaux / Essais / Caractérisation  -  MSI/MSR  [O. QUENARD]","Interactions humain-machine et humain-robot  Innovation technologique et sociale - Interdisciplinarite  -  MSR  [S. D&#039;ATTANASIO]","Smart Grid  -  MSR  [A. Bouzid]"
"Emie LAFFONT",,emie.laffont@2027.icam.fr,"lundi 7 septembre 2026, 11:59",Intégré,7,7,6,5,3,4,3,2,1,2,8,10,10,8,8,5,6,5,3,2,3,9,"Calculs et dimensionnement de structures / Essais  -  MSI  [S. CORVELEYN]","Conception / Organisation industrielle / ERP  -  MSI  [M. BONNAL]","Matériaux / Essais / Caractérisation  -  MSI/MSR  [O. QUENARD]","Conception / Fabrication / Machines Spéciales  -  MSI  [E. LOUPIAC]","Energie / Thermique / Electronique de puissance  -  MSR  [J.P. FRADIN]","Systemes embarques et objets connectes  -  MSI  [D. DEROLAND]","Traitement d&#039;images et informatique industrielle  -  MSI  [S. LOUIS]","Data Science / Vision / IA / Applis Web &amp; Mobile  -  MSI  [T. GUETTARI]","Smart Grid  -  MSR  [A. Bouzid]","Interactions humain-machine et humain-robot  Innovation technologique et sociale - Interdisciplinarite  -  MSR  [S. D&#039;ATTANASIO]"
"Baptiste LASSALLE",,baptiste.lassalle@2027.icam.fr,"lundi 7 septembre 2026, 11:46",Intégré,8,8,9,9,4,3,3,2,2,2,2,8,8,10,9,3,3,1,1,1,1,1,"Conception / Organisation industrielle / ERP  -  MSI  [M. BONNAL]","Matériaux / Essais / Caractérisation  -  MSI/MSR  [O. QUENARD]","Calculs et dimensionnement de structures / Essais  -  MSI  [S. CORVELEYN]","Systemes embarques et objets connectes  -  MSI  [D. DEROLAND]","Conception / Fabrication / Machines Spéciales  -  MSI  [E. LOUPIAC]","Traitement d&#039;images et informatique industrielle  -  MSI  [S. LOUIS]","Energie / Thermique / Electronique de puissance  -  MSR  [J.P. FRADIN]","Data Science / Vision / IA / Applis Web &amp; Mobile  -  MSI  [T. GUETTARI]","Interactions humain-machine et humain-robot  Innovation technologique et sociale - Interdisciplinarite  -  MSR  [S. D&#039;ATTANASIO]","Smart Grid  -  MSR  [A. Bouzid]"
"Yann LAUTRIDOU",,yann.lautridou@2027.icam.fr,"lundi 7 septembre 2026, 12:12",Intégré,8,7,6,9,4,3,5,4,6,4,6,9,7,8,8,4,2,4,3,4,3,4,"Calculs et dimensionnement de structures / Essais  -  MSI  [S. CORVELEYN]","Conception / Fabrication / Machines Spéciales  -  MSI  [E. LOUPIAC]","Matériaux / Essais / Caractérisation  -  MSI/MSR  [O. QUENARD]","Conception / Organisation industrielle / ERP  -  MSI  [M. BONNAL]","Traitement d&#039;images et informatique industrielle  -  MSI  [S. LOUIS]","Data Science / Vision / IA / Applis Web &amp; Mobile  -  MSI  [T. GUETTARI]","Systemes embarques et objets connectes  -  MSI  [D. DEROLAND]","Energie / Thermique / Electronique de puissance  -  MSR  [J.P. FRADIN]","Smart Grid  -  MSR  [A. Bouzid]","Interactions humain-machine et humain-robot  Innovation technologique et sociale - Interdisciplinarite  -  MSR  [S. D&#039;ATTANASIO]"
"Camille LEMAIRE",,camille.lemaire@2027.icam.fr,"lundi 7 septembre 2026, 12:13",Intégré,8,8,7,7,6,6,5,3,3,3,5,9,10,7,7,2,3,2,1,1,3,3,"Matériaux / Essais / Caractérisation  -  MSI/MSR  [O. QUENARD]","Calculs et dimensionnement de structures / Essais  -  MSI  [S. CORVELEYN]","Conception / Organisation industrielle / ERP  -  MSI  [M. BONNAL]","Conception / Fabrication / Machines Spéciales  -  MSI  [E. LOUPIAC]","Energie / Thermique / Electronique de puissance  -  MSR  [J.P. FRADIN]","Systemes embarques et objets connectes  -  MSI  [D. DEROLAND]","Traitement d&#039;images et informatique industrielle  -  MSI  [S. LOUIS]","Data Science / Vision / IA / Applis Web &amp; Mobile  -  MSI  [T. GUETTARI]","Interactions humain-machine et humain-robot  Innovation technologique et sociale - Interdisciplinarite  -  MSR  [S. D&#039;ATTANASIO]","Smart Grid  -  MSR  [A. Bouzid]"
"Abdelhakim MADID",,abdelhakim.madid@2027.icam.fr,"lundi 7 septembre 2026, 11:28",Apprenti,4,5,9,8,3,2,4,5,5,8,7,2,2,10,10,6,2,4,5,6,8,10,"Conception / Fabrication / Machines Spéciales  -  MSI  [E. LOUPIAC]","Conception / Organisation industrielle / ERP  -  MSI  [M. BONNAL]","Data Science / Vision / IA / Applis Web &amp; Mobile  -  MSI  [T. GUETTARI]","Traitement d&#039;images et informatique industrielle  -  MSI  [S. LOUIS]","Systemes embarques et objets connectes  -  MSI  [D. DEROLAND]","Calculs et dimensionnement de structures / Essais  -  MSI  [S. CORVELEYN]","Matériaux / Essais / Caractérisation  -  MSI/MSR  [O. QUENARD]","Energie / Thermique / Electronique de puissance  -  MSR  [J.P. FRADIN]","Smart Grid  -  MSR  [A. Bouzid]","Interactions humain-machine et humain-robot  Innovation technologique et sociale - Interdisciplinarite  -  MSR  [S. D&#039;ATTANASIO]"
"Remi MAHOT",,remi.mahot@2027.icam.fr,"lundi 7 septembre 2026, 11:07",Intégré,5,3,8,9,7,6,7,5,6,8,5,5,4,10,10,9,8,6,3,2,4,5,"Conception / Organisation industrielle / ERP  -  MSI  [M. BONNAL]","Conception / Fabrication / Machines Spéciales  -  MSI  [E. LOUPIAC]","Systemes embarques et objets connectes  -  MSI  [D. DEROLAND]","Matériaux / Essais / Caractérisation  -  MSI/MSR  [O. QUENARD]","Energie / Thermique / Electronique de puissance  -  MSR  [J.P. FRADIN]","Calculs et dimensionnement de structures / Essais  -  MSI  [S. CORVELEYN]","Data Science / Vision / IA / Applis Web &amp; Mobile  -  MSI  [T. GUETTARI]","Traitement d&#039;images et informatique industrielle  -  MSI  [S. LOUIS]","Smart Grid  -  MSR  [A. Bouzid]","Interactions humain-machine et humain-robot  Innovation technologique et sociale - Interdisciplinarite  -  MSR  [S. D&#039;ATTANASIO]"
"Salim MEHDAOUI",,salim.mehdaoui@2027.icam.fr,"lundi 7 septembre 2026, 11:30",Apprenti,4,5,6,4,6,6,5,5,7,6,6,4,5,6,4,7,7,6,8,9,9,7,"Data Science / Vision / IA / Applis Web &amp; Mobile  -  MSI  [T. GUETTARI]","Traitement d&#039;images et informatique industrielle  -  MSI  [S. LOUIS]","Conception / Organisation industrielle / ERP  -  MSI  [M. BONNAL]","Smart Grid  -  MSR  [A. Bouzid]","Conception / Fabrication / Machines Spéciales  -  MSI  [E. LOUPIAC]","Interactions humain-machine et humain-robot  Innovation technologique et sociale - Interdisciplinarite  -  MSR  [S. D&#039;ATTANASIO]","Matériaux / Essais / Caractérisation  -  MSI/MSR  [O. QUENARD]","Systemes embarques et objets connectes  -  MSI  [D. DEROLAND]","Energie / Thermique / Electronique de puissance  -  MSR  [J.P. FRADIN]","Calculs et dimensionnement de structures / Essais  -  MSI  [S. CORVELEYN]"
"Maxance MEYER",,maxance.meyer@2027.icam.fr,"lundi 7 septembre 2026, 11:36",Apprenti,4,4,7,7,5,4,4,3,4,3,6,3,3,10,8,9,7,10,7,4,1,5,"Conception / Fabrication / Machines Spéciales  -  MSI  [E. LOUPIAC]","Conception / Organisation industrielle / ERP  -  MSI  [M. BONNAL]","Systemes embarques et objets connectes  -  MSI  [D. DEROLAND]","Matériaux / Essais / Caractérisation  -  MSI/MSR  [O. QUENARD]","Traitement d&#039;images et informatique industrielle  -  MSI  [S. LOUIS]","Calculs et dimensionnement de structures / Essais  -  MSI  [S. CORVELEYN]","Data Science / Vision / IA / Applis Web &amp; Mobile  -  MSI  [T. GUETTARI]","Energie / Thermique / Electronique de puissance  -  MSR  [J.P. FRADIN]","Smart Grid  -  MSR  [A. Bouzid]","Interactions humain-machine et humain-robot  Innovation technologique et sociale - Interdisciplinarite  -  MSR  [S. D&#039;ATTANASIO]"
"Manon MOULAS",,manon.moulas@2027.icam.fr,"lundi 7 septembre 2026, 11:56",Intégré,7,7,3,4,4,2,4,4,3,5,8,7,9,3,3,6,4,5,3,5,7,8,"Matériaux / Essais / Caractérisation  -  MSI/MSR  [O. QUENARD]","Calculs et dimensionnement de structures / Essais  -  MSI  [S. CORVELEYN]","Energie / Thermique / Electronique de puissance  -  MSR  [J.P. FRADIN]","Conception / Organisation industrielle / ERP  -  MSI  [M. BONNAL]","Traitement d&#039;images et informatique industrielle  -  MSI  [S. LOUIS]","Conception / Fabrication / Machines Spéciales  -  MSI  [E. LOUPIAC]","Systemes embarques et objets connectes  -  MSI  [D. DEROLAND]","Data Science / Vision / IA / Applis Web &amp; Mobile  -  MSI  [T. GUETTARI]","Interactions humain-machine et humain-robot  Innovation technologique et sociale - Interdisciplinarite  -  MSR  [S. D&#039;ATTANASIO]","Smart Grid  -  MSR  [A. Bouzid]"
"Titouan ODAR",,titouan.odar@2027.icam.fr,"lundi 7 septembre 2026, 11:54",Apprenti,7,7,9,9,5,4,4,6,6,2,2,9,9,9,9,6,6,6,6,4,1,1,"Conception / Organisation industrielle / ERP  -  MSI  [M. BONNAL]","Matériaux / Essais / Caractérisation  -  MSI/MSR  [O. QUENARD]","Conception / Fabrication / Machines Spéciales  -  MSI  [E. LOUPIAC]","Calculs et dimensionnement de structures / Essais  -  MSI  [S. CORVELEYN]","Systemes embarques et objets connectes  -  MSI  [D. DEROLAND]","Calculs et dimensionnement de structures / Essais  -  MSI  [S. CORVELEYN]","Energie / Thermique / Electronique de puissance  -  MSR  [J.P. FRADIN]","Smart Grid  -  MSR  [A. Bouzid]","Data Science / Vision / IA / Applis Web &amp; Mobile  -  MSI  [T. GUETTARI]","Interactions humain-machine et humain-robot  Innovation technologique et sociale - Interdisciplinarite  -  MSR  [S. D&#039;ATTANASIO]"
"Nathan PERGET",,nathan.perget@2027.icam.fr,"lundi 7 septembre 2026, 11:28",Intégré,7,7,5,5,3,7,5,5,6,2,6,8,8,8,8,4,6,5,3,2,2,2,"Conception / Organisation industrielle / ERP  -  MSI  [M. BONNAL]","Energie / Thermique / Electronique de puissance  -  MSR  [J.P. FRADIN]","Conception / Fabrication / Machines Spéciales  -  MSI  [E. LOUPIAC]","Calculs et dimensionnement de structures / Essais  -  MSI  [S. CORVELEYN]","Matériaux / Essais / Caractérisation  -  MSI/MSR  [O. QUENARD]","Traitement d&#039;images et informatique industrielle  -  MSI  [S. LOUIS]","Traitement d&#039;images et informatique industrielle  -  MSI  [S. LOUIS]","Data Science / Vision / IA / Applis Web &amp; Mobile  -  MSI  [T. GUETTARI]","Interactions humain-machine et humain-robot  Innovation technologique et sociale - Interdisciplinarite  -  MSR  [S. D&#039;ATTANASIO]","Smart Grid  -  MSR  [A. Bouzid]"
"Remy PEYRE",,remy.peyre@2027.icam.fr,"lundi 7 septembre 2026, 11:19",Intégré,6,5,5,5,3,3,3,7,6,5,6,5,4,9,9,5,3,3,5,4,4,5,"Conception / Organisation industrielle / ERP  -  MSI  [M. BONNAL]","Conception / Fabrication / Machines Spéciales  -  MSI  [E. LOUPIAC]","Traitement d&#039;images et informatique industrielle  -  MSI  [S. LOUIS]","Calculs et dimensionnement de structures / Essais  -  MSI  [S. CORVELEYN]","Systemes embarques et objets connectes  -  MSI  [D. DEROLAND]","Data Science / Vision / IA / Applis Web &amp; Mobile  -  MSI  [T. GUETTARI]","Matériaux / Essais / Caractérisation  -  MSI/MSR  [O. QUENARD]","Energie / Thermique / Electronique de puissance  -  MSR  [J.P. FRADIN]","Interactions humain-machine et humain-robot  Innovation technologique et sociale - Interdisciplinarite  -  MSR  [S. D&#039;ATTANASIO]","Smart Grid  -  MSR  [A. Bouzid]"
"Leo PHILIPPOT",,leo.philippot@2027.icam.fr,"lundi 7 septembre 2026, 12:06",Apprenti,5,6,9,9,5,4,4,4,3,3,4,5,6,10,10,5,5,5,3,2,3,4,"Conception / Fabrication / Machines Spéciales  -  MSI  [E. LOUPIAC]","Conception / Organisation industrielle / ERP  -  MSI  [M. BONNAL]","Matériaux / Essais / Caractérisation  -  MSI/MSR  [O. QUENARD]","Calculs et dimensionnement de structures / Essais  -  MSI  [S. CORVELEYN]","Systemes embarques et objets connectes  -  MSI  [D. DEROLAND]","Traitement d&#039;images et informatique industrielle  -  MSI  [S. LOUIS]","Energie / Thermique / Electronique de puissance  -  MSR  [J.P. FRADIN]","Data Science / Vision / IA / Applis Web &amp; Mobile  -  MSI  [T. GUETTARI]","Smart Grid  -  MSR  [A. Bouzid]","Interactions humain-machine et humain-robot  Innovation technologique et sociale - Interdisciplinarite  -  MSR  [S. D&#039;ATTANASIO]"
"Elisa PONTHIER",,elisa.ponthier@2027.icam.fr,"lundi 7 septembre 2026, 11:45",Apprenti,5,4,8,8,4,5,6,2,2,3,7,5,5,10,10,5,8,8,3,3,3,9,"Conception / Fabrication / Machines Spéciales  -  MSI  [E. LOUPIAC]","Conception / Organisation industrielle / ERP  -  MSI  [M. BONNAL]","Systemes embarques et objets connectes  -  MSI  [D. DEROLAND]","Energie / Thermique / Electronique de puissance  -  MSR  [J.P. FRADIN]","Traitement d&#039;images et informatique industrielle  -  MSI  [S. LOUIS]","Matériaux / Essais / Caractérisation  -  MSI/MSR  [O. QUENARD]","Calculs et dimensionnement de structures / Essais  -  MSI  [S. CORVELEYN]","Data Science / Vision / IA / Applis Web &amp; Mobile  -  MSI  [T. GUETTARI]","Interactions humain-machine et humain-robot  Innovation technologique et sociale - Interdisciplinarite  -  MSR  [S. D&#039;ATTANASIO]","Smart Grid  -  MSR  [A. Bouzid]"
"Guillaume PRADALIE",,guillaume.pradalie@2027.icam.fr,"lundi 7 septembre 2026, 11:46",Intégré,7,6,6,7,7,10,4,2,2,3,2,7,4,7,6,7,9,5,2,1,2,1,"Smart Grid  -  MSR  [A. Bouzid]","Conception / Organisation industrielle / ERP  -  MSI  [M. BONNAL]","Calculs et dimensionnement de structures / Essais  -  MSI  [S. CORVELEYN]","Energie / Thermique / Electronique de puissance  -  MSR  [J.P. FRADIN]","Systemes embarques et objets connectes  -  MSI  [D. DEROLAND]","Conception / Fabrication / Machines Spéciales  -  MSI  [E. LOUPIAC]","Matériaux / Essais / Caractérisation  -  MSI/MSR  [O. QUENARD]","Traitement d&#039;images et informatique industrielle  -  MSI  [S. LOUIS]","Data Science / Vision / IA / Applis Web &amp; Mobile  -  MSI  [T. GUETTARI]","Interactions humain-machine et humain-robot  Innovation technologique et sociale - Interdisciplinarite  -  MSR  [S. D&#039;ATTANASIO]"
"Mathieu RAZANADRAKOTO",,mathieu.razanadrakoto@2027.icam.fr,"lundi 7 septembre 2026, 11:37",Intégré,8,7,2,3,4,6,4,4,3,5,5,7,7,5,4,8,8,3,1,1,6,5,"Systemes embarques et objets connectes  -  MSI  [D. DEROLAND]","Energie / Thermique / Electronique de puissance  -  MSR  [J.P. FRADIN]","Conception / Organisation industrielle / ERP  -  MSI  [M. BONNAL]","Calculs et dimensionnement de structures / Essais  -  MSI  [S. CORVELEYN]","Matériaux / Essais / Caractérisation  -  MSI/MSR  [O. QUENARD]","Conception / Fabrication / Machines Spéciales  -  MSI  [E. LOUPIAC]","Traitement d&#039;images et informatique industrielle  -  MSI  [S. LOUIS]","Data Science / Vision / IA / Applis Web &amp; Mobile  -  MSI  [T. GUETTARI]","Interactions humain-machine et humain-robot  Innovation technologique et sociale - Interdisciplinarite  -  MSR  [S. D&#039;ATTANASIO]","Smart Grid  -  MSR  [A. Bouzid]"
"Pierre Yves ROUCHY CHAPLAIS",,pierre-yves.rouchy-chaplais@2027.icam.fr,"lundi 7 septembre 2026, 11:24",Intégré,7,6,8,8,6,6,3,5,2,6,4,4,7,10,10,9,8,5,1,1,6,1,"Conception / Fabrication / Machines Spéciales  -  MSI  [E. LOUPIAC]","Conception / Organisation industrielle / ERP  -  MSI  [M. BONNAL]","Systemes embarques et objets connectes  -  MSI  [D. DEROLAND]","Traitement d&#039;images et informatique industrielle  -  MSI  [S. LOUIS]","Energie / Thermique / Electronique de puissance  -  MSR  [J.P. FRADIN]","Data Science / Vision / IA / Applis Web &amp; Mobile  -  MSI  [T. GUETTARI]","Calculs et dimensionnement de structures / Essais  -  MSI  [S. CORVELEYN]","Matériaux / Essais / Caractérisation  -  MSI/MSR  [O. QUENARD]","Smart Grid  -  MSR  [A. Bouzid]","Interactions humain-machine et humain-robot  Innovation technologique et sociale - Interdisciplinarite  -  MSR  [S. D&#039;ATTANASIO]"
"Clement TORREILLES",,clement.torreilles@2027.icam.fr,"lundi 7 septembre 2026, 11:30",Apprenti,4,5,9,8,4,2,5,4,7,5,9,2,2,10,10,6,3,7,4,7,5,10,"Conception / Fabrication / Machines Spéciales  -  MSI  [E. LOUPIAC]","Conception / Organisation industrielle / ERP  -  MSI  [M. BONNAL]","Traitement d&#039;images et informatique industrielle  -  MSI  [S. LOUIS]","Interactions humain-machine et humain-robot  Innovation technologique et sociale - Interdisciplinarite  -  MSR  [S. D&#039;ATTANASIO]","Systemes embarques et objets connectes  -  MSI  [D. DEROLAND]","Energie / Thermique / Electronique de puissance  -  MSR  [J.P. FRADIN]","Data Science / Vision / IA / Applis Web &amp; Mobile  -  MSI  [T. GUETTARI]","Matériaux / Essais / Caractérisation  -  MSI/MSR  [O. QUENARD]","Smart Grid  -  MSR  [A. Bouzid]","Interactions humain-machine et humain-robot  Innovation technologique et sociale - Interdisciplinarite  -  MSR  [S. D&#039;ATTANASIO]"
"Meline TORRENT",,meline.torrent@2027.icam.fr,"lundi 7 septembre 2026, 11:45",Apprenti,2,3,6,3,6,6,7,5,4,4,4,1,6,9,5,4,5,8,4,5,3,9,"Conception / Organisation industrielle / ERP  -  MSI  [M. BONNAL]","Systemes embarques et objets connectes  -  MSI  [D. DEROLAND]","Conception / Fabrication / Machines Spéciales  -  MSI  [E. LOUPIAC]","Matériaux / Essais / Caractérisation  -  MSI/MSR  [O. QUENARD]","Traitement d&#039;images et informatique industrielle  -  MSI  [S. LOUIS]","Energie / Thermique / Electronique de puissance  -  MSR  [J.P. FRADIN]","Data Science / Vision / IA / Applis Web &amp; Mobile  -  MSI  [T. GUETTARI]","Interactions humain-machine et humain-robot  Innovation technologique et sociale - Interdisciplinarite  -  MSR  [S. D&#039;ATTANASIO]","Smart Grid  -  MSR  [A. Bouzid]","Calculs et dimensionnement de structures / Essais  -  MSI  [S. CORVELEYN]"
"Theo TULIS",,theo.tulis@2027.icam.fr,"lundi 7 septembre 2026, 11:28",Apprenti,8,8,7,8,5,4,4,7,5,6,8,6,8,9,9,5,4,6,4,4,5,8,"Conception / Fabrication / Machines Spéciales  -  MSI  [E. LOUPIAC]","Conception / Organisation industrielle / ERP  -  MSI  [M. BONNAL]","Matériaux / Essais / Caractérisation  -  MSI/MSR  [O. QUENARD]","Calculs et dimensionnement de structures / Essais  -  MSI  [S. CORVELEYN]","Traitement d&#039;images et informatique industrielle  -  MSI  [S. LOUIS]","Data Science / Vision / IA / Applis Web &amp; Mobile  -  MSI  [T. GUETTARI]","Energie / Thermique / Electronique de puissance  -  MSR  [J.P. FRADIN]","Interactions humain-machine et humain-robot  Innovation technologique et sociale - Interdisciplinarite  -  MSR  [S. D&#039;ATTANASIO]","Smart Grid  -  MSR  [A. Bouzid]","Systemes embarques et objets connectes  -  MSI  [D. DEROLAND]"
"Simon WALLET",,simon.wallet@2027.icam.fr,"lundi 7 septembre 2026, 11:14",Intégré,8,8,7,8,8,5,6,6,7,5,9,9,8,7,7,6,5,5,5,9,4,5,"Energie / Thermique / Electronique de puissance  -  MSR  [J.P. FRADIN]","Calculs et dimensionnement de structures / Essais  -  MSI  [S. CORVELEYN]","Matériaux / Essais / Caractérisation  -  MSI/MSR  [O. QUENARD]","Data Science / Vision / IA / Applis Web &amp; Mobile  -  MSI  [T. GUETTARI]","Systemes embarques et objets connectes  -  MSI  [D. DEROLAND]","Conception / Fabrication / Machines Spéciales  -  MSI  [E. LOUPIAC]","Traitement d&#039;images et informatique industrielle  -  MSI  [S. LOUIS]","Conception / Organisation industrielle / ERP  -  MSI  [M. BONNAL]","Smart Grid  -  MSR  [A. Bouzid]","Interactions humain-machine et humain-robot  Innovation technologique et sociale - Interdisciplinarite  -  MSR  [S. D&#039;ATTANASIO]"
